latitude,longitude,elevation,slope
28.51,77.10000000000001,269.0292821615079,14.607130444876644
28.51,77.10689655172415,328.93089023760814,9.645185304715357
28.51,77.11379310344829,315.1945752822886,1.6782264019641664
28.51,77.12068965517243,340.8177037373476,11.2478738766075
28.51,77.12758620689655,278.9703371952919,7.86878665075314
28.51,77.13448275862069,268.0402639673115,2.4524862130557152
28.51,77.14137931034483,304.8415357967804,9.34708753843034
28.51,77.14827586206897,279.8242987100011,9.3193016964029
28.51,77.15517241379311,270.2060394734657,7.737678056489468
28.51,77.16206896551725,292.84066294066463,1.1474318014325084
28.51,77.16896551724139,330.46794829048304,10.402373689030428
28.51,77.17586206896551,247.87887062427896,12.890441347872482
28.51,77.18275862068965,335.7402179895517,13.217887174275054
28.51,77.1896551724138,271.3791256846061,9.30736903548803
28.51,77.19655172413793,259.9812108047296,12.9636499367854
28.51,77.20344827586207,293.0164642113208,3.87667245081432
28.51,77.21034482758621,274.7266301117146,2.4171741765886257
28.51,77.21724137931035,319.3149881185825,4.900381986214576
28.51,77.22413793103449,325.8139558769944,6.396205559847054
28.51,77.23103448275862,319.390110492384,14.922288224367664
28.51,77.23793103448276,310.7853485456717,12.899187311141963
28.51,77.2448275862069,329.7745481926213,6.011677274756374
28.51,77.25172413793103,275.2406163879075,13.442875607604496
28.51,77.25862068965517,298.36789578055885,14.983662128608634
28.51,77.26551724137931,323.16777956704635,11.007207691701256
28.51,77.27241379310345,303.76656386629566,1.7090565968725968
28.51,77.27931034482758,297.0342260127233,13.981725050591146
28.51,77.28620689655172,308.1093675271173,7.2230297662095
28.51,77.29310344827586,330.0024869375196,14.575270134398767
28.51,77.3,337.74511873727846,1.9983360241164017
28.516896551724138,77.10000000000001,343.6268396998223,13.371974530633333
28.516896551724138,77.10689655172415,340.3269465782739,0.5953915535147492
28.516896551724138,77.11379310344829,302.4194702886796,9.320376357141702
28.516896551724138,77.12068965517243,269.92126328523324,14.820568402161898
28.516896551724138,77.12758620689655,341.27135809413994,3.143515604086563
28.516896551724138,77.13448275862069,257.7380804055739,5.385824389529066
28.516896551724138,77.14137931034483,310.490908060013,14.903569216776871
28.516896551724138,77.14827586206897,258.9736301548702,11.317597229191977
28.516896551724138,77.15517241379311,249.54836167234328,11.411047904484487
28.516896551724138,77.16206896551725,324.5885482254037,1.326122844405042
28.516896551724138,77.16896551724139,285.88324805506375,13.415439937343002
28.516896551724138,77.17586206896551,329.70282237287955,0.9112285732898984
28.516896551724138,77.18275862068965,264.8844516156336,2.25169457064578
28.516896551724138,77.1896551724138,302.4699313588977,7.311319628572996
28.516896551724138,77.19655172413793,238.26256546331516,13.21982634854065
28.516896551724138,77.20344827586207,237.82194969873967,0.4805220851972364
28.516896551724138,77.21034482758621,329.20143430058926,7.758129252186236
28.516896551724138,77.21724137931035,237.1865105247895,11.366105936379784
28.516896551724138,77.22413793103449,243.38403808986396,3.371709478847775
28.516896551724138,77.23103448275862,330.5392057445782,5.774852175518916
28.516896551724138,77.23793103448276,244.6434931929259,2.600730591802929
28.516896551724138,77.2448275862069,250.72781689781723,8.737817908354737
28.516896551724138,77.25172413793103,284.7672452013335,6.404030663884514
28.516896551724138,77.25862068965517,331.75081433806434,0.3835621354722834
28.516896551724138,77.26551724137931,335.1377629038794,8.488973577667927
28.516896551724138,77.27241379310345,289.8490850257695,6.06332362981495
28.516896551724138,77.27931034482758,286.1794719073717,12.178684933313326
28.516896551724138,77.28620689655172,253.5570025333806,7.118690331850226
28.516896551724138,77.29310344827586,314.321542307169,7.09934955559936
28.516896551724138,77.3,296.8058789657045,12.383906841769637
28.523793103448277,77.10000000000001,337.14348977731527,8.186174368526702
28.523793103448277,77.10689655172415,314.4591271319201,11.902290237483944
28.523793103448277,77.11379310344829,349.7374147495718,1.539525294498691
28.523793103448277,77.12068965517243,264.2441111501921,2.8456075736571336
28.523793103448277,77.12758620689655,259.9488902167545,3.294012245946424
28.523793103448277,77.13448275862069,255.5845240882905,4.712786027012066
28.523793103448277,77.14137931034483,331.49238221349304,12.481973616307409
28.523793103448277,77.14827586206897,303.2927616973706,11.696576261454991
28.523793103448277,77.15517241379311,302.03140905155215,3.10137090537068
28.523793103448277,77.16206896551725,312.9962175923817,13.244842290904092
28.523793103448277,77.16896551724139,280.2233379489396,9.132385790454952
28.523793103448277,77.17586206896551,299.256100938806,3.986492862765324
28.523793103448277,77.18275862068965,282.2063651979628,8.803340625606385
28.523793103448277,77.1896551724138,280.2737832979543,5.249648146677599
28.523793103448277,77.19655172413793,228.0021586170909,14.521588140973403
28.523793103448277,77.20344827586207,278.62392069810744,14.378776057745014
28.523793103448277,77.21034482758621,276.10314926275765,4.0173578698916526
28.523793103448277,77.21724137931035,258.6392746324196,8.575239087842526
28.523793103448277,77.22413793103449,234.67803415348865,12.967328844428735
28.523793103448277,77.23103448275862,311.9822155179017,10.668816549781107
28.523793103448277,77.23793103448276,287.9172490842544,12.721495634770468
28.523793103448277,77.2448275862069,320.5670258829718,0.9181701473387238
28.523793103448277,77.25172413793103,291.7423431756795,1.3309566280732033
28.523793103448277,77.25862068965517,255.51782500861435,6.53171441537446
28.523793103448277,77.26551724137931,326.731079020296,12.79614707267185
28.523793103448277,77.27241379310345,247.15299291375035,2.3313157697202613
28.523793103448277,77.27931034482758,301.0040399314516,9.745704910824324
28.523793103448277,77.28620689655172,349.81917695676907,12.236337195837754
28.523793103448277,77.29310344827586,298.53553932500023,4.834409874292755
28.523793103448277,77.3,306.0794856432315,0.7273610457253749
28.530689655172413,77.10000000000001,349.68931805131604,0.4368066963474154
28.530689655172413,77.10689655172415,347.22597938640433,1.3180474115213403
28.530689655172413,77.11379310344829,343.05739514344987,8.889128948179678
28.530689655172413,77.12068965517243,346.6243952717051,9.648995346417363
28.530689655172413,77.12758620689655,319.62535842513887,14.155179775914348
28.530689655172413,77.13448275862069,265.6443110968628,0.2591017028872866
28.530689655172413,77.14137931034483,253.59638385208368,7.699556539700656
28.530689655172413,77.14827586206897,242.92898214303855,4.546355582857178
28.530689655172413,77.15517241379311,315.7899085374337,2.7796969697905283
28.530689655172413,77.16206896551725,290.86644477331805,14.951741525282056
28.530689655172413,77.16896551724139,321.5661425184231,2.469905449265336
28.530689655172413,77.17586206896551,240.08756642424592,5.700775839662212
28.530689655172413,77.18275862068965,234.83377194765984,5.12103898339481
28.530689655172413,77.1896551724138,301.7083726649782,11.68899428585346
28.530689655172413,77.19655172413793,298.85098109363355,4.504249303059818
28.530689655172413,77.20344827586207,293.8252924156027,10.895742190586857
28.530689655172413,77.21034482758621,317.07615673398084,10.804065289635718
28.530689655172413,77.21724137931035,301.7880260346732,2.1118021724790443
28.530689655172413,77.22413793103449,319.5603111941875,0.3197026677002967
28.530689655172413,77.23103448275862,309.4221477117368,10.980101750612477
28.530689655172413,77.23793103448276,249.476632771284,5.932648812399687
28.530689655172413,77.2448275862069,307.3110361795534,3.3385919537229047
28.530689655172413,77.25172413793103,284.3759070127366,9.428216776186874
28.530689655172413,77.25862068965517,312.6397591816255,11.166141791093647
28.530689655172413,77.26551724137931,279.9271781088019,2.612353917862128
28.530689655172413,77.27241379310345,294.7504286272216,0.7442321795192486
28.530689655172413,77.27931034482758,246.53172343748568,10.46814131819272
28.530689655172413,77.28620689655172,271.41553213395287,14.41121356947489
28.530689655172413,77.29310344827586,272.3332064800793,11.247530006934849
28.530689655172413,77.3,272.1634643145123,8.686895020836856
28.53758620689655,77.10000000000001,346.8107373050104,2.647168014169357
28.53758620689655,77.10689655172415,252.67144670198505,12.832905919296286
28.53758620689655,77.11379310344829,294.4166119800749,8.343625483942628
28.53758620689655,77.12068965517243,322.24127591963565,12.50079332061571
28.53758620689655,77.12758620689655,299.7941419509921,8.78900789974728
28.53758620689655,77.13448275862069,333.69629806942544,11.144643307579418
28.53758620689655,77.14137931034483,240.4184848337136,0.5663361255725297
28.53758620689655,77.14827586206897,274.3085666833384,5.322162739504947
28.53758620689655,77.15517241379311,315.209538239833,0.3579460557111863
28.53758620689655,77.16206896551725,312.7044733066747,9.216342320556809
28.53758620689655,77.16896551724139,238.8259827963532,5.454116929587965
28.53758620689655,77.17586206896551,289.2422134767544,12.338049984756228
28.53758620689655,77.18275862068965,254.82325751058863,7.333514463730082
28.53758620689655,77.1896551724138,251.6404692572466,14.340719037452224
28.53758620689655,77.19655172413793,271.229195475762,9.902009273765533
28.53758620689655,77.20344827586207,318.3468203194057,2.372123882001186
28.53758620689655,77.21034482758621,248.2049456241064,0.2279113637442281
28.53758620689655,77.21724137931035,248.19695560083585,12.66746334749389
28.53758620689655,77.22413793103449,261.090770499196,14.49929395779206
28.53758620689655,77.23103448275862,280.96831960743293,0.9979600487016572
28.53758620689655,77.23793103448276,250.85721511936012,4.655953574150037
28.53758620689655,77.2448275862069,280.0313131947306,2.151659997230366
28.53758620689655,77.25172413793103,251.1210293285559,11.071819246718904
28.53758620689655,77.25862068965517,293.0214937611029,13.34738494662354
28.53758620689655,77.26551724137931,301.43151786724974,4.281344568770523
28.53758620689655,77.27241379310345,268.9465018104959,4.718939274084425
28.53758620689655,77.27931034482758,339.0911584717712,12.565740093674137
28.53758620689655,77.28620689655172,289.5359659203056,6.2151205903011215
28.53758620689655,77.29310344827586,317.7385665558906,8.751726335815231
28.53758620689655,77.3,301.2724275865505,7.972559667627489
28.54448275862069,77.10000000000001,323.3014639460024,7.286239367610263
28.54448275862069,77.10689655172415,266.69020580498693,9.29580827307298
28.54448275862069,77.11379310344829,327.324822259029,5.402123750031111
28.54448275862069,77.12068965517243,341.2127203577761,3.850866412886456
28.54448275862069,77.12758620689655,270.800311854866,4.298893220106038
28.54448275862069,77.13448275862069,255.6936031528914,6.339868455436664
28.54448275862069,77.14137931034483,300.3014256879668,7.5013601860733665
28.54448275862069,77.14827586206897,252.3444290402,4.210551290876715
28.54448275862069,77.15517241379311,244.41468917646625,11.038438358650428
28.54448275862069,77.16206896551725,254.19392067043043,0.6766633762164892
28.54448275862069,77.16896551724139,236.83943634647903,13.149505913289383
28.54448275862069,77.17586206896551,252.06239453039245,10.710942830847896
28.54448275862069,77.18275862068965,284.5438148791226,7.408028106069928
28.54448275862069,77.1896551724138,263.8226576623084,9.727224858322598
28.54448275862069,77.19655172413793,309.81347154570005,11.48050215646566
28.54448275862069,77.20344827586207,291.93728774186843,1.3004338604638503
28.54448275862069,77.21034482758621,230.72986531214931,4.558062551510311
28.54448275862069,77.21724137931035,238.0346276944265,4.455151508378576
28.54448275862069,77.22413793103449,303.97919542628927,12.999540798157632
28.54448275862069,77.23103448275862,261.66353091360816,10.810894414568322
28.54448275862069,77.23793103448276,230.2249354735204,0.6253734802890815
28.54448275862069,77.2448275862069,316.6763650266122,2.661631550654786
28.54448275862069,77.25172413793103,253.73239431287772,2.354519099694861
28.54448275862069,77.25862068965517,244.65360858582136,14.336898436410554
28.54448275862069,77.26551724137931,332.7107480199752,4.462908670223933
28.54448275862069,77.27241379310345,320.0739376591925,14.44546963961429
28.54448275862069,77.27931034482758,258.67124682546034,5.971426608538063
28.54448275862069,77.28620689655172,335.1582802687388,8.745245437063085
28.54448275862069,77.29310344827586,340.1081971544287,11.941156667328933
28.54448275862069,77.3,309.9538067469892,13.895288727411256
28.551379310344828,77.10000000000001,339.9617696279529,11.025816695741971
28.551379310344828,77.10689655172415,247.9997823086431,3.459731446589704
28.551379310344828,77.11379310344829,316.02346366743245,9.037404992586849
28.551379310344828,77.12068965517243,298.9069278216256,11.4313935976707
28.551379310344828,77.12758620689655,255.30339408823988,9.10462289983771
28.551379310344828,77.13448275862069,332.7962486770936,8.673725561748327
28.551379310344828,77.14137931034483,330.01990416130707,3.398951430385932
28.551379310344828,77.14827586206897,266.6027885197667,14.315293971512103
28.551379310344828,77.15517241379311,264.64907298621216,11.120996459886731
28.551379310344828,77.16206896551725,283.7934685880363,11.46161340996312
28.551379310344828,77.16896551724139,290.1401027496756,10.638919102078727
28.551379310344828,77.17586206896551,316.0826597195926,4.740002105669461
28.551379310344828,77.18275862068965,287.2872507347292,7.848419079597471
28.551379310344828,77.1896551724138,281.48546968972227,11.988264189067532
28.551379310344828,77.19655172413793,319.96160153184087,12.348711866390522
28.551379310344828,77.20344827586207,302.67878827097724,4.145045297698521
28.551379310344828,77.21034482758621,270.2772965348878,1.8500756980949984
28.551379310344828,77.21724137931035,272.0603646294079,13.793204269920691
28.551379310344828,77.22413793103449,297.29366513528095,5.636857744788173
28.551379310344828,77.23103448275862,251.1523904353206,0.772652854496535
28.551379310344828,77.23793103448276,291.8807845794109,5.143277562973863
28.551379310344828,77.2448275862069,299.25824184175804,3.2450299924652635
28.551379310344828,77.25172413793103,238.54777793923108,8.687664704282291
28.551379310344828,77.25862068965517,311.0159557853847,6.954904853684694
28.551379310344828,77.26551724137931,326.70941132109334,2.9910227691041342
28.551379310344828,77.27241379310345,323.4492516230067,6.015045634531709
28.551379310344828,77.27931034482758,261.7100534318157,4.157088924767357
28.551379310344828,77.28620689655172,269.6894538564545,13.102276860398606
28.551379310344828,77.29310344827586,328.5348775277008,13.870398896840037
28.551379310344828,77.3,248.04475820883445,0.2178091244571112
28.558275862068964,77.10000000000001,327.04260420146426,8.462312323494979
28.558275862068964,77.10689655172415,329.65803732435705,2.740270347805973
28.558275862068964,77.11379310344829,283.6706331891311,1.252955915154248
28.558275862068964,77.12068965517243,333.39943766240725,8.092997903777393
28.558275862068964,77.12758620689655,276.00480394596934,9.011233143591914
28.558275862068964,77.13448275862069,294.0111019233199,12.696627664262117
28.558275862068964,77.14137931034483,323.0491932854689,4.597743010046534
28.558275862068964,77.14827586206897,283.883927216124,11.829553059771682
28.558275862068964,77.15517241379311,232.83048121814107,10.075995972020522
28.558275862068964,77.16206896551725,301.91946287151467,13.661925960400175
28.558275862068964,77.16896551724139,250.79872996678185,5.064858891620656
28.558275862068964,77.17586206896551,270.692984308946,9.512382147077531
28.558275862068964,77.18275862068965,311.88073045754385,4.3389585356011855
28.558275862068964,77.1896551724138,315.9004754899853,4.098094428664723
28.558275862068964,77.19655172413793,292.3637634602567,7.349456855553934
28.558275862068964,77.20344827586207,291.39658122266843,8.80296153935891
28.558275862068964,77.21034482758621,236.3540404740484,7.5069045018648115
28.558275862068964,77.21724137931035,319.54627895103283,0.6277850236996663
28.558275862068964,77.22413793103449,309.92727160954166,5.033239783513171
28.558275862068964,77.23103448275862,259.1319531076928,1.7997288987536664
28.558275862068964,77.23793103448276,270.2522172300403,10.602564691146604
28.558275862068964,77.2448275862069,247.1037992249609,1.5828669320392
28.558275862068964,77.25172413793103,249.1110046099009,1.5800318084475784
28.558275862068964,77.25862068965517,257.41878673583733,0.2336887733889331
28.558275862068964,77.26551724137931,264.93044138426967,7.56818667795867
28.558275862068964,77.27241379310345,317.7814842730147,9.559378385265235
28.558275862068964,77.27931034482758,242.0932792819932,1.8161942821346184
28.558275862068964,77.28620689655172,321.5793443209259,12.804296962130396
28.558275862068964,77.29310344827586,262.0804753252463,3.4989401428783835
28.558275862068964,77.3,300.4431422846328,14.217327782971797
28.565172413793103,77.10000000000001,300.30440943929,13.463632001141734
28.565172413793103,77.10689655172415,330.8309984351293,9.470348633019697
28.565172413793103,77.11379310344829,311.2890082145356,0.5782394426117543
28.565172413793103,77.12068965517243,326.4213969393496,4.23715558253674
28.565172413793103,77.12758620689655,322.5848325650264,4.3564457829891605
28.565172413793103,77.13448275862069,279.57888882664435,14.17820557377608
28.565172413793103,77.14137931034483,330.2174469130072,1.531621108749632
28.565172413793103,77.14827586206897,266.38793231711566,4.725817605252781
28.565172413793103,77.15517241379311,295.4745564914765,8.741512167165421
28.565172413793103,77.16206896551725,234.9222048379733,10.849115436684524
28.565172413793103,77.16896551724139,319.80789912992464,3.388396055328836
28.565172413793103,77.17586206896551,310.71415754367115,3.9656795590816154
28.565172413793103,77.18275862068965,307.54275767922763,2.611654726686477
28.565172413793103,77.1896551724138,224.96738770278088,11.055030267675134
28.565172413793103,77.19655172413793,265.3881736382078,13.152606038034898
28.565172413793103,77.20344827586207,295.5510302616372,0.2763578888075174
28.565172413793103,77.21034482758621,298.87778736368,2.920843370840497
28.565172413793103,77.21724137931035,304.9324387059235,0.7866276692541002
28.565172413793103,77.22413793103449,236.194545749507,0.45702379821069
28.565172413793103,77.23103448275862,254.9357591658414,13.524281753489213
28.565172413793103,77.23793103448276,294.540034880354,10.359644774329462
28.565172413793103,77.2448275862069,279.13883255838914,14.217861745444932
28.565172413793103,77.25172413793103,240.59054012965584,9.158571116035594
28.565172413793103,77.25862068965517,239.65855948287847,7.971856869119065
28.565172413793103,77.26551724137931,263.0011476959799,6.160458013502296
28.565172413793103,77.27241379310345,310.72176607219194,6.67462942085342
28.565172413793103,77.27931034482758,294.8195776180086,13.891536303070971
28.565172413793103,77.28620689655172,327.6351809117517,0.3840818922588151
28.565172413793103,77.29310344827586,329.0127724544251,9.908775228057555
28.565172413793103,77.3,290.9755796991935,8.23784875615245
28.57206896551724,77.10000000000001,249.8343355209468,13.343079008743992
28.57206896551724,77.10689655172415,302.8609550348099,12.440738787027607
28.57206896551724,77.11379310344829,265.22525197833613,2.7135272624667817
28.57206896551724,77.12068965517243,275.92710335267003,0.0362960937565742
28.57206896551724,77.12758620689655,294.19695871608803,9.413379992160891
28.57206896551724,77.13448275862069,265.4391066596298,10.266053570100782
28.57206896551724,77.14137931034483,292.7918958741503,5.674248363087159
28.57206896551724,77.14827586206897,280.36702864036,10.384768826181956
28.57206896551724,77.15517241379311,314.94753276410995,10.684339064741284
28.57206896551724,77.16206896551725,323.3331607411628,12.716836011386588
28.57206896551724,77.16896551724139,288.6628774981573,8.505654201571
28.57206896551724,77.17586206896551,237.0153411214925,6.605377580983638
28.57206896551724,77.18275862068965,305.06614892469463,1.0912777932605944
28.57206896551724,77.1896551724138,229.8814205672219,13.373103456163223
28.57206896551724,77.19655172413793,246.7187396155577,2.247519589425995
28.57206896551724,77.20344827586207,217.9609255397812,12.160647906881406
28.57206896551724,77.21034482758621,251.3119761374981,3.460315453212941
28.57206896551724,77.21724137931035,255.77300393577212,9.59300554250626
28.57206896551724,77.22413793103449,218.31165935566304,2.047608176301063
28.57206896551724,77.23103448275862,246.2533599972905,12.49257726736185
28.57206896551724,77.23793103448276,319.2810943428011,12.338978990546508
28.57206896551724,77.2448275862069,253.2732138445363,9.256186073707829
28.57206896551724,77.25172413793103,260.1157046869025,1.754864155432838
28.57206896551724,77.25862068965517,277.70173963884633,8.25934367389311
28.57206896551724,77.26551724137931,286.8011993337228,3.7287951951147447
28.57206896551724,77.27241379310345,232.7835385852576,6.510067027676648
28.57206896551724,77.27931034482758,306.3473362444518,8.194404643327253
28.57206896551724,77.28620689655172,269.4422251804225,0.1253665181938562
28.57206896551724,77.29310344827586,289.83043972257246,5.33125965438561
28.57206896551724,77.3,263.3472161859599,12.037800463720458
28.57896551724138,77.10000000000001,292.8068005154248,5.061024874698588
28.57896551724138,77.10689655172415,260.2945315944265,5.387872375046056
28.57896551724138,77.11379310344829,259.2239340111529,0.0814608746109257
28.57896551724138,77.12068965517243,275.04403473847015,6.413475860199105
28.57896551724138,77.12758620689655,286.22930876119165,13.99412183875487
28.57896551724138,77.13448275862069,251.46666003646467,11.24029312959201
28.57896551724138,77.14137931034483,305.11670264204224,14.00900296412058
28.57896551724138,77.14827586206897,267.0525465856772,4.966124359289726
28.57896551724138,77.15517241379311,264.04968488926903,7.139655544531312
28.57896551724138,77.16206896551725,272.48461942252766,0.0554512904330239
28.57896551724138,77.16896551724139,273.2283722654348,8.666580208711979
28.57896551724138,77.17586206896551,300.38095459906253,8.221477352089542
28.57896551724138,77.18275862068965,288.3520893727808,9.213691218904149
28.57896551724138,77.1896551724138,227.3070184317941,0.1139631614266073
28.57896551724138,77.19655172413793,289.95981776685875,8.960982930362434
28.57896551724138,77.20344827586207,252.77982024715735,3.947582360736251
28.57896551724138,77.21034482758621,276.09292607834504,9.34080755488768
28.57896551724138,77.21724137931035,270.05718701264,7.595938424188528
28.57896551724138,77.22413793103449,258.3957393971562,12.540682077423572
28.57896551724138,77.23103448275862,232.22887215028,0.681735333375898
28.57896551724138,77.23793103448276,270.0095399171233,6.189380438082476
28.57896551724138,77.2448275862069,262.3073444900133,4.917279261798319
28.57896551724138,77.25172413793103,302.8480919110005,2.7692731328675664
28.57896551724138,77.25862068965517,292.4591870049776,5.529746028876864
28.57896551724138,77.26551724137931,274.70354385808776,2.502408537528381
28.57896551724138,77.27241379310345,238.15941143410765,1.3085129047871065
28.57896551724138,77.27931034482758,257.5239652643647,5.546302456326621
28.57896551724138,77.28620689655172,304.27974829364405,2.7250577170639776
28.57896551724138,77.29310344827586,271.77560295280495,2.880290637979704
28.57896551724138,77.3,242.8993724683733,2.7315281794357587
28.585862068965515,77.10000000000001,320.9027144615523,11.205484024344022
28.585862068965515,77.10689655172415,265.3184447857059,11.892510809938724
28.585862068965515,77.11379310344829,249.6586974305631,6.728749119153994
28.585862068965515,77.12068965517243,295.574228562278,1.8437625756420315
28.585862068965515,77.12758620689655,327.41348291061246,8.446834240287828
28.585862068965515,77.13448275862069,275.08682416939973,10.730757353347547
28.585862068965515,77.14137931034483,284.81883409056854,11.092267484001852
28.585862068965515,77.14827586206897,242.67182715414737,13.917926324335523
28.585862068965515,77.15517241379311,272.4041986938872,3.3708994014999134
28.585862068965515,77.16206896551725,316.8538366522393,6.107262494610896
28.585862068965515,77.16896551724139,267.4607841439133,8.410040159926398
28.585862068965515,77.17586206896551,240.7455114501087,0.2341372357280541
28.585862068965515,77.18275862068965,219.44633467940588,3.0715328687911088
28.585862068965515,77.1896551724138,223.8271308639206,11.400273365919665
28.585862068965515,77.19655172413793,277.9613365702434,4.480917320405833
28.585862068965515,77.20344827586207,287.90921260922704,8.562991473540597
28.585862068965515,77.21034482758621,287.3692839922132,10.84571656378943
28.585862068965515,77.21724137931035,301.5623166409597,14.583446051314075
28.585862068965515,77.22413793103449,216.1532060055912,4.388495227364323
28.585862068965515,77.23103448275862,239.73117769733332,7.39360221123996
28.585862068965515,77.23793103448276,241.6067354522745,2.9644802870212623
28.585862068965515,77.2448275862069,227.6133030962409,11.907333195203414
28.585862068965515,77.25172413793103,314.0477381995472,5.952300826381568
28.585862068965515,77.25862068965517,247.58725755989911,10.47540427811048
28.585862068965515,77.26551724137931,306.19155290070927,9.1808884539338
28.585862068965515,77.27241379310345,237.34616363040283,10.735474555164972
28.585862068965515,77.27931034482758,241.76449269640725,1.0772300748866122
28.585862068965515,77.28620689655172,247.13594147422964,14.084649705055034
28.585862068965515,77.29310344827586,275.8693126732777,13.365615815983286
28.585862068965515,77.3,255.52075705491885,13.93341680419496
28.59275862068965,77.10000000000001,276.4123575017866,6.324089911251311
28.59275862068965,77.10689655172415,239.18234962236664,13.605178403487798
28.59275862068965,77.11379310344829,326.48611908440625,5.246004992971646
28.59275862068965,77.12068965517243,315.5648003577637,9.932214770788542
28.59275862068965,77.12758620689655,285.28744229547686,9.793962890843428
28.59275862068965,77.13448275862069,324.4492126430411,8.499586248509832
28.59275862068965,77.14137931034483,243.45611917968048,8.669162165544822
28.59275862068965,77.14827586206897,260.4974595480659,6.132042734251214
28.59275862068965,77.15517241379311,317.89286028898266,5.200343354743083
28.59275862068965,77.16206896551725,298.1821844055406,0.9236615895734734
28.59275862068965,77.16896551724139,276.9121445960296,5.174052292552735
28.59275862068965,77.17586206896551,269.99425685921847,7.724982304258639
28.59275862068965,77.18275862068965,302.54829811578924,6.092746347795678
28.59275862068965,77.1896551724138,221.93094756160863,5.0324706561417605
28.59275862068965,77.19655172413793,217.915221301214,0.0982077526091168
28.59275862068965,77.20344827586207,243.4748317027308,2.254621688652849
28.59275862068965,77.21034482758621,233.13942964911217,12.24239311913913
28.59275862068965,77.21724137931035,218.9901905454594,5.321461361241176
28.59275862068965,77.22413793103449,220.32851343217425,14.360585903012504
28.59275862068965,77.23103448275862,242.15818451836876,14.516514428181557
28.59275862068965,77.23793103448276,294.16320934451306,6.880434726201597
28.59275862068965,77.2448275862069,252.13214888704897,6.206451483780382
28.59275862068965,77.25172413793103,242.97917813645412,4.721754326159202
28.59275862068965,77.25862068965517,260.8518971547017,2.878917758384673
28.59275862068965,77.26551724137931,250.54828348597317,1.1969208486852057
28.59275862068965,77.27241379310345,325.2897412557557,1.009820788082731
28.59275862068965,77.27931034482758,292.6656291510328,7.432090796206692
28.59275862068965,77.28620689655172,264.18463993165886,14.072278893742231
28.59275862068965,77.29310344827586,236.1674056617495,7.947915457941515
28.59275862068965,77.3,315.0152722982367,2.378091747627749
28.599655172413797,77.10000000000001,240.10716148401977,3.5414538832769598
28.599655172413797,77.10689655172415,234.5696524195643,2.40323302946439
28.599655172413797,77.11379310344829,242.44389855003905,14.20699664831726
28.599655172413797,77.12068965517243,323.17741711903807,14.599041275938063
28.599655172413797,77.12758620689655,238.0023373406493,13.480033072866515
28.599655172413797,77.13448275862069,281.81783519700576,9.762798336396218
28.599655172413797,77.14137931034483,320.72083204872285,1.5418292672536291
28.599655172413797,77.14827586206897,255.41076340992836,14.822756624997115
28.599655172413797,77.15517241379311,287.4138200752784,3.6559540977526903
28.599655172413797,77.16206896551725,275.00366429462,9.065204085046965
28.599655172413797,77.16896551724139,279.1748118832063,12.019449991145269
28.599655172413797,77.17586206896551,300.9354474243241,8.31945530280111
28.599655172413797,77.18275862068965,232.977876906772,6.376707331332382
28.599655172413797,77.1896551724138,279.1925281479297,8.777154518058106
28.599655172413797,77.19655172413793,261.3551202128384,2.646221543256112
28.599655172413797,77.20344827586207,273.5032452246491,1.977936234034148
28.599655172413797,77.21034482758621,259.2305952218348,9.770043851143404
28.599655172413797,77.21724137931035,302.49320795787713,9.382347587831813
28.599655172413797,77.22413793103449,293.4311205182792,3.9553184197165066
28.599655172413797,77.23103448275862,271.5770531675816,13.038205005417169
28.599655172413797,77.23793103448276,251.2408114229177,12.108824159789789
28.599655172413797,77.2448275862069,280.12942443068937,7.407818973239423
28.599655172413797,77.25172413793103,254.25608641091588,10.658577341838276
28.599655172413797,77.25862068965517,266.68637948120886,4.987703474484832
28.599655172413797,77.26551724137931,223.01227176372325,12.012970043706948
28.599655172413797,77.27241379310345,323.7211353026605,7.323334818487554
28.599655172413797,77.27931034482758,309.8549426079914,7.053087151378024
28.599655172413797,77.28620689655172,253.4552012383694,2.34533307252567
28.599655172413797,77.29310344827586,243.74717351677648,9.13358477653833
28.599655172413797,77.3,248.91785144931063,5.20045532669727
28.60655172413793,77.10000000000001,281.11676798109494,13.197397055186656
28.60655172413793,77.10689655172415,230.3395291933758,5.688870848653899
28.60655172413793,77.11379310344829,272.5851580704811,7.856952896370842
28.60655172413793,77.12068965517243,234.68407944002087,12.540193036393664
28.60655172413793,77.12758620689655,275.16484035924304,2.5213895930629944
28.60655172413793,77.13448275862069,279.0386616875276,0.4352061414089964
28.60655172413793,77.14137931034483,283.9131529324738,2.7315114709371526
28.60655172413793,77.14827586206897,315.7510225272408,6.65781602856746
28.60655172413793,77.15517241379311,308.7881108223667,12.33646214819366
28.60655172413793,77.16206896551725,223.22025660066504,10.69853927874298
28.60655172413793,77.16896551724139,310.45982054037245,11.71041768802816
28.60655172413793,77.17586206896551,297.57427409653843,6.959414777326908
28.60655172413793,77.18275862068965,253.1933079297541,11.650330573694296
28.60655172413793,77.1896551724138,240.6679424544796,0.2215871449588097
28.60655172413793,77.19655172413793,298.13875265735373,6.884013566865449
28.60655172413793,77.20344827586207,273.4685085264445,9.734204409795757
28.60655172413793,77.21034482758621,242.57636488578356,5.8765195856131935
28.60655172413793,77.21724137931035,230.9730165482511,0.8376079754284194
28.60655172413793,77.22413793103449,208.64938352789704,1.246769771803915
28.60655172413793,77.23103448275862,266.55445909929387,12.184033752279706
28.60655172413793,77.23793103448276,255.56838858068176,11.816675407293118
28.60655172413793,77.2448275862069,284.26315175857275,0.0606017169092321
28.60655172413793,77.25172413793103,272.003273143404,4.444015199614457
28.60655172413793,77.25862068965517,241.62818268588228,11.443108707152431
28.60655172413793,77.26551724137931,262.1454457843766,12.865248670575117
28.60655172413793,77.27241379310345,255.2412146414869,7.830330831927678
28.60655172413793,77.27931034482758,233.38648652957744,14.214775744078716
28.60655172413793,77.28620689655172,281.78864460237475,11.959491066135838
28.60655172413793,77.29310344827586,319.5641675122829,1.6189729185730624
28.60655172413793,77.3,261.50374966224854,5.557981932381369
28.61344827586207,77.10000000000001,232.79265977061684,11.976835499165697
28.61344827586207,77.10689655172415,271.23689085467186,14.55802419913486
28.61344827586207,77.11379310344829,272.6039401201671,1.7032852916108592
28.61344827586207,77.12068965517243,260.28761482539653,5.273608230030425
28.61344827586207,77.12758620689655,236.5570816616463,6.7587376040495855
28.61344827586207,77.13448275862069,300.9343125146461,10.725978876384696
28.61344827586207,77.14137931034483,226.43868897350893,7.795175735802195
28.61344827586207,77.14827586206897,271.3958881140504,12.98807700308082
28.61344827586207,77.15517241379311,308.6804821613957,7.682723388703758
28.61344827586207,77.16206896551725,295.8131927490033,11.261944815392086
28.61344827586207,77.16896551724139,251.5329173288028,5.095170306308544
28.61344827586207,77.17586206896551,255.63640593494665,1.8675036033915344
28.61344827586207,77.18275862068965,262.8578067613278,0.8177127713062721
28.61344827586207,77.1896551724138,274.2267455108539,7.682626882423013
28.61344827586207,77.19655172413793,291.144819145542,8.396277555539063
28.61344827586207,77.20344827586207,226.14869506869485,7.195054514581424
28.61344827586207,77.21034482758621,269.3775978538654,10.553723285187466
28.61344827586207,77.21724137931035,239.86629486317364,13.640029238744598
28.61344827586207,77.22413793103449,271.7347021756282,6.133431079324161
28.61344827586207,77.23103448275862,303.18979362126703,0.5966706171264746
28.61344827586207,77.23793103448276,272.12170148012444,3.2841790198570946
28.61344827586207,77.2448275862069,263.6681565885968,4.891327614083229
28.61344827586207,77.25172413793103,271.9678951025039,3.909859983864663
28.61344827586207,77.25862068965517,247.2214568186581,12.311710405012509
28.61344827586207,77.26551724137931,301.44806292411204,5.518025962335095
28.61344827586207,77.27241379310345,267.56405168199444,7.853332342791218
28.61344827586207,77.27931034482758,222.26046381532265,14.445611486246232
28.61344827586207,77.28620689655172,234.09743847677083,2.042894937087282
28.61344827586207,77.29310344827586,295.936372574889,13.173010014746374
28.61344827586207,77.3,234.3893411501384,4.120397298848606
28.620344827586205,77.10000000000001,286.5356501761083,11.192689080844133
28.620344827586205,77.10689655172415,231.96419833507693,5.866455996219023
28.620344827586205,77.11379310344829,314.43030332021766,13.532644643209505
28.620344827586205,77.12068965517243,275.8745379551937,5.22064844980226
28.620344827586205,77.12758620689655,321.1296112311126,0.5531520860664796
28.620344827586205,77.13448275862069,320.9746751310611,2.459611310138257
28.620344827586205,77.14137931034483,316.04987240947503,3.15820238617365
28.620344827586205,77.14827586206897,261.67025106319414,5.13931671181215
28.620344827586205,77.15517241379311,290.2483262478502,11.829520377010112
28.620344827586205,77.16206896551725,218.72938167577604,2.514466646742144
28.620344827586205,77.16896551724139,244.02113035388484,10.698759975134374
28.620344827586205,77.17586206896551,271.19434409231144,4.594851511636742
28.620344827586205,77.18275862068965,301.41900151443895,7.700624662741652
28.620344827586205,77.1896551724138,270.4100471287132,6.778871332205204
28.620344827586205,77.19655172413793,295.5767715264628,0.9720849376634156
28.620344827586205,77.20344827586207,220.5385478403653,4.935096373400087
28.620344827586205,77.21034482758621,214.36441020890211,10.864071145407802
28.620344827586205,77.21724137931035,214.2200600781658,6.868971682306313
28.620344827586205,77.22413793103449,248.63829028975852,2.669882963023211
28.620344827586205,77.23103448275862,260.5131500979735,2.412818951788621
28.620344827586205,77.23793103448276,251.8299625865664,14.791819093994258
28.620344827586205,77.2448275862069,256.3957599909053,1.3453366729325462
28.620344827586205,77.25172413793103,268.7920553140208,8.587175578146852
28.620344827586205,77.25862068965517,294.91600339263016,14.258782868613713
28.620344827586205,77.26551724137931,263.6655385509257,4.078845076741021
28.620344827586205,77.27241379310345,294.5272129577021,7.819413463369671
28.620344827586205,77.27931034482758,268.254323932799,0.8258896925791648
28.620344827586205,77.28620689655172,273.1460614106019,6.705315727770868
28.620344827586205,77.29310344827586,244.1242509850244,14.546604395945552
28.620344827586205,77.3,280.95402778612623,12.293278537584971
28.627241379310345,77.10000000000001,234.5427147349702,10.644819098362907
28.627241379310345,77.10689655172415,324.03363708412337,1.9919031023684384
28.627241379310345,77.11379310344829,282.5571133709487,2.4731812429136117
28.627241379310345,77.12068965517243,294.766188795104,8.884858033921994
28.627241379310345,77.12758620689655,298.7747883681678,12.260150056808298
28.627241379310345,77.13448275862069,252.91542955669405,11.571956557299012
28.627241379310345,77.14137931034483,312.0999230403816,8.608644516081108
28.627241379310345,77.14827586206897,302.53330876851686,6.064112620811407
28.627241379310345,77.15517241379311,302.7230606875676,4.492542312885109
28.627241379310345,77.16206896551725,271.4425793116331,11.53155797296684
28.627241379310345,77.16896551724139,256.20531260437144,0.4118789337420908
28.627241379310345,77.17586206896551,290.3665281063925,5.2481520027869735
28.627241379310345,77.18275862068965,210.3437665366242,14.350574960283222
28.627241379310345,77.1896551724138,240.31068321155723,12.767371248006697
28.627241379310345,77.19655172413793,268.916499262847,4.973779358818395
28.627241379310345,77.20344827586207,254.91786581472795,7.659965417920709
28.627241379310345,77.21034482758621,274.21748103880543,0.8383467907596714
28.627241379310345,77.21724137931035,241.5593244555035,6.42804504748093
28.627241379310345,77.22413793103449,262.30573087960727,7.515065734937639
28.627241379310345,77.23103448275862,236.22101252405565,13.902992879581369
28.627241379310345,77.23793103448276,278.7151432368955,4.263549121984363
28.627241379310345,77.2448275862069,302.6171921638155,7.939815751088119
28.627241379310345,77.25172413793103,273.3500056091395,8.11456115531928
28.627241379310345,77.25862068965517,303.36191292940737,3.696544554950021
28.627241379310345,77.26551724137931,277.9198015906544,1.686614512163236
28.627241379310345,77.27241379310345,273.5944705819608,12.077166505537008
28.627241379310345,77.27931034482758,243.5488771900126,4.492979601447683
28.627241379310345,77.28620689655172,313.5004689352225,1.340933765868999
28.627241379310345,77.29310344827586,263.8915759418121,1.5092136953976492
28.627241379310345,77.3,316.8547992209793,0.2866000777243793
28.634137931034484,77.10000000000001,284.1002760875922,14.712225412462688
28.634137931034484,77.10689655172415,330.52896766901017,6.48243926297376
28.634137931034484,77.11379310344829,330.83662984333245,5.60426591104982
28.634137931034484,77.12068965517243,288.34697606113605,12.702188091163755
28.634137931034484,77.12758620689655,277.2865458451505,10.2566344141182
28.634137931034484,77.13448275862069,293.48559714336574,1.5496578353350992
28.634137931034484,77.14137931034483,228.10079361643108,5.9504469991362345
28.634137931034484,77.14827586206897,301.6524520907793,4.584917770292049
28.634137931034484,77.15517241379311,282.30151351657827,0.2439205951242268
28.634137931034484,77.16206896551725,313.0357880625493,5.471774162536555
28.634137931034484,77.16896551724139,314.2249181246468,10.678743399396064
28.634137931034484,77.17586206896551,305.01099668129825,10.927892541205754
28.634137931034484,77.18275862068965,253.386514359571,3.564558568264369
28.634137931034484,77.1896551724138,303.2697531877983,0.7575630867591066
28.634137931034484,77.19655172413793,210.0193988526366,0.7835108214116154
28.634137931034484,77.20344827586207,244.60381227528063,10.613261944740268
28.634137931034484,77.21034482758621,287.44316488790145,8.040965056691649
28.634137931034484,77.21724137931035,240.6833955264671,7.800089926464625
28.634137931034484,77.22413793103449,235.71845722015905,0.5214151207865098
28.634137931034484,77.23103448275862,222.44186893376417,8.63131021128927
28.634137931034484,77.23793103448276,315.5627254035501,5.642392887490832
28.634137931034484,77.2448275862069,284.99233440946824,4.199061558360798
28.634137931034484,77.25172413793103,248.43815086261208,3.4013901683994825
28.634137931034484,77.25862068965517,248.32282341399355,6.064949994498027
28.634137931034484,77.26551724137931,297.9656916091569,4.968822513281665
28.634137931034484,77.27241379310345,303.2912953052979,7.524385060409139
28.634137931034484,77.27931034482758,287.6896956067003,3.690657463305891
28.634137931034484,77.28620689655172,232.1118907984868,3.2306458916499183
28.634137931034484,77.29310344827586,283.535174061578,6.3193447450549005
28.634137931034484,77.3,288.7301564732763,3.543110635390115
28.64103448275862,77.10000000000001,297.42545128153387,9.648511866727002
28.64103448275862,77.10689655172415,248.3240822718898,0.4870080146056821
28.64103448275862,77.11379310344829,237.33498571310955,7.789486255297366
28.64103448275862,77.12068965517243,232.9625221909636,9.745871660837196
28.64103448275862,77.12758620689655,264.21659435793447,8.77973701417123
28.64103448275862,77.13448275862069,313.3054995177558,14.746443811435
28.64103448275862,77.14137931034483,268.7554968875188,12.218706197653724
28.64103448275862,77.14827586206897,317.2138837905084,11.813226016428946
28.64103448275862,77.15517241379311,296.2495170449789,9.439394724127686
28.64103448275862,77.16206896551725,257.1723917159411,3.2248007659830384
28.64103448275862,77.16896551724139,242.6075704450228,1.905097715008025
28.64103448275862,77.17586206896551,289.6988237222371,13.721604619015586
28.64103448275862,77.18275862068965,226.65637854490868,6.546299944184669
28.64103448275862,77.1896551724138,231.15319734415533,3.627345524931176
28.64103448275862,77.19655172413793,288.7075292334984,4.872065554203936
28.64103448275862,77.20344827586207,251.3578397811727,13.195256276161736
28.64103448275862,77.21034482758621,292.33836154619337,5.070577635032183
28.64103448275862,77.21724137931035,216.70777255880077,13.826010595651685
28.64103448275862,77.22413793103449,258.38514719973006,8.177888652533902
28.64103448275862,77.23103448275862,269.1948254365324,1.0111141333685414
28.64103448275862,77.23793103448276,247.88734304690715,2.734328968361692
28.64103448275862,77.2448275862069,220.61114679213424,8.17602749697848
28.64103448275862,77.25172413793103,290.3706499623677,7.644819106244108
28.64103448275862,77.25862068965517,254.1043435729149,3.8214642711930127
28.64103448275862,77.26551724137931,266.760490597365,2.339257969793827
28.64103448275862,77.27241379310345,268.52449908853185,11.49913398686514
28.64103448275862,77.27931034482758,316.600272174887,14.719805490248056
28.64103448275862,77.28620689655172,319.8736636669371,13.251911872471233
28.64103448275862,77.29310344827586,280.1572215907799,6.457882132011189
28.64103448275862,77.3,310.1210624056812,12.098712152760523
28.64793103448276,77.10000000000001,268.3616537724472,0.4578803917669449
28.64793103448276,77.10689655172415,271.97201588964106,14.13921119209621
28.64793103448276,77.11379310344829,330.9698269443125,5.28982603035592
28.64793103448276,77.12068965517243,268.4084387438932,9.976587914525204
28.64793103448276,77.12758620689655,232.64703925365325,5.45216110581992
28.64793103448276,77.13448275862069,310.15836683031074,11.345133894272497
28.64793103448276,77.14137931034483,261.0542990448388,2.7840895707612527
28.64793103448276,77.14827586206897,267.39857782065513,12.554558320932417
28.64793103448276,77.15517241379311,227.7018978491511,3.923780317049157
28.64793103448276,77.16206896551725,271.19499226755266,2.204355460170875
28.64793103448276,77.16896551724139,294.829232289228,10.034647898436482
28.64793103448276,77.17586206896551,303.85756893742604,4.617724585276827
28.64793103448276,77.18275862068965,261.49866523119874,0.1596812942311831
28.64793103448276,77.1896551724138,220.6947439746461,7.471033590789841
28.64793103448276,77.19655172413793,310.91558950671526,6.758968046776085
28.64793103448276,77.20344827586207,305.7605351039333,13.775045490538217
28.64793103448276,77.21034482758621,219.24476717602388,9.808236079347836
28.64793103448276,77.21724137931035,236.97272256328176,1.9054995380146864
28.64793103448276,77.22413793103449,309.14065521016835,14.834143950398497
28.64793103448276,77.23103448275862,219.84621369995136,6.311563094821484
28.64793103448276,77.23793103448276,290.5889955490092,12.253354944618843
28.64793103448276,77.2448275862069,316.76527079437983,7.032552226569241
28.64793103448276,77.25172413793103,255.4936529948484,5.572090328521385
28.64793103448276,77.25862068965517,310.862762401051,10.000889611809637
28.64793103448276,77.26551724137931,314.0308485624171,2.2398733462338964
28.64793103448276,77.27241379310345,236.3827642962224,12.68804669357911
28.64793103448276,77.27931034482758,318.3209995434712,7.783253322002089
28.64793103448276,77.28620689655172,319.3529434936621,0.908518179686113
28.64793103448276,77.29310344827586,335.70984562038683,6.752690312997968
28.64793103448276,77.3,284.06884962441103,5.240943869736999
28.654827586206896,77.10000000000001,258.9342917172004,11.98866217473213
28.654827586206896,77.10689655172415,333.1038745397372,9.179280939343268
28.654827586206896,77.11379310344829,292.67846666130896,11.83445574423664
28.654827586206896,77.12068965517243,281.623875919781,5.005226406826544
28.654827586206896,77.12758620689655,316.9591396056759,8.557057706847308
28.654827586206896,77.13448275862069,262.6936336520058,10.197683453996817
28.654827586206896,77.14137931034483,316.4007331652164,2.4633681729958754
28.654827586206896,77.14827586206897,260.76762485063955,0.0859909847496859
28.654827586206896,77.15517241379311,235.3992870103259,0.9327783694905524
28.654827586206896,77.16206896551725,243.1803699540851,7.767536545384499
28.654827586206896,77.16896551724139,285.4976687427932,8.966548833937413
28.654827586206896,77.17586206896551,254.40732365391372,3.1003466653011054
28.654827586206896,77.18275862068965,242.0431762723989,7.966988035373687
28.654827586206896,77.1896551724138,285.4149431661891,11.974529775005603
28.654827586206896,77.19655172413793,278.00088596294484,5.0046496840206816
28.654827586206896,77.20344827586207,213.800811431092,8.792349195736508
28.654827586206896,77.21034482758621,257.89643186379675,3.5868736170013498
28.654827586206896,77.21724137931035,239.95864937291145,6.408041700383185
28.654827586206896,77.22413793103449,305.83819429779464,12.043144469074416
28.654827586206896,77.23103448275862,315.38736223434034,0.3460003594286504
28.654827586206896,77.23793103448276,287.42415589339583,10.827666524657722
28.654827586206896,77.2448275862069,275.1827587700734,6.63799107798816
28.654827586206896,77.25172413793103,258.44211159359145,10.96673638352701
28.654827586206896,77.25862068965517,262.6751907833238,1.9382075649297752
28.654827586206896,77.26551724137931,265.9696379172017,14.939256104266445
28.654827586206896,77.27241379310345,290.4550347766978,9.995743386666144
28.654827586206896,77.27931034482758,254.5222951760117,0.715274301058002
28.654827586206896,77.28620689655172,305.0133569110097,3.314779606138597
28.654827586206896,77.29310344827586,252.0021929709928,11.6267968557201
28.654827586206896,77.3,308.6475789836145,0.4646574343895338
28.661724137931035,77.10000000000001,330.0973901339477,10.512676506602045
28.661724137931035,77.10689655172415,262.4015286218668,9.40204497393992
28.661724137931035,77.11379310344829,245.71561372741172,1.2390816729696277
28.661724137931035,77.12068965517243,256.8806504197504,9.265689165329222
28.661724137931035,77.12758620689655,269.8452218618395,9.806644928484236
28.661724137931035,77.13448275862069,311.78423229561525,0.2842899618981909
28.661724137931035,77.14137931034483,302.15473336748914,3.823024622665627
28.661724137931035,77.14827586206897,236.0653998281412,6.775449937030495
28.661724137931035,77.15517241379311,301.79619243981824,10.702547059072485
28.661724137931035,77.16206896551725,277.39680143620285,6.873736774862782
28.661724137931035,77.16896551724139,250.173328791768,12.35610294560434
28.661724137931035,77.17586206896551,245.98838831259008,0.5887038930409394
28.661724137931035,77.18275862068965,312.89590808484303,13.292106932734292
28.661724137931035,77.1896551724138,233.1225892604945,10.694039607486248
28.661724137931035,77.19655172413793,237.0142242055608,13.065281350502602
28.661724137931035,77.20344827586207,222.10725911332665,9.18924205144248
28.661724137931035,77.21034482758621,305.3481790889501,14.348544770672426
28.661724137931035,77.21724137931035,283.4286362668954,1.810941404182354
28.661724137931035,77.22413793103449,291.2006784463796,1.990322491296979
28.661724137931035,77.23103448275862,301.77767078870863,3.7668443811146735
28.661724137931035,77.23793103448276,256.50796204045434,4.620837707518792
28.661724137931035,77.2448275862069,295.97504762823223,14.80001155825127
28.661724137931035,77.25172413793103,273.3382077804713,0.6810778763647651
28.661724137931035,77.25862068965517,267.37715106325305,3.564810472426755
28.661724137931035,77.26551724137931,246.4562630143769,6.752702011288482
28.661724137931035,77.27241379310345,326.53709938114554,11.650108300824176
28.661724137931035,77.27931034482758,256.4836416359765,10.046049117249153
28.661724137931035,77.28620689655172,322.84086913287587,3.122147693996269
28.661724137931035,77.29310344827586,296.12806469887187,2.192859455893995
28.661724137931035,77.3,251.88803282072732,4.471898193802623
28.66862068965517,77.10000000000001,298.61216747858214,7.99927886650999
28.66862068965517,77.10689655172415,294.9110952525101,8.986462171097708
28.66862068965517,77.11379310344829,335.1458275838661,12.495454946067474
28.66862068965517,77.12068965517243,327.5733873592235,12.384614885819042
28.66862068965517,77.12758620689655,248.3097521015756,9.6280199756388
28.66862068965517,77.13448275862069,284.6020063188106,3.155211446038699
28.66862068965517,77.14137931034483,317.1727279416425,1.1902914978887376
28.66862068965517,77.14827586206897,246.2566093156103,3.308315025223851
28.66862068965517,77.15517241379311,272.3288694128909,4.937609973408295
28.66862068965517,77.16206896551725,229.30052426053336,13.584900850352073
28.66862068965517,77.16896551724139,236.35515639848043,4.845744083368691
28.66862068965517,77.17586206896551,253.63483434409235,10.726486004651568
28.66862068965517,77.18275862068965,291.90925428066544,14.050955409089823
28.66862068965517,77.1896551724138,318.5332514492093,14.872357464818862
28.66862068965517,77.19655172413793,299.2634338969817,13.037854292896531
28.66862068965517,77.20344827586207,270.42795307336394,0.7621607542601677
28.66862068965517,77.21034482758621,261.75932415519435,9.75681162996844
28.66862068965517,77.21724137931035,245.8856675926816,10.09306612114983
28.66862068965517,77.22413793103449,222.8517440595632,1.246892913615376
28.66862068965517,77.23103448275862,289.0361436711143,10.667323833124824
28.66862068965517,77.23793103448276,325.9007713695835,3.9652070643716417
28.66862068965517,77.2448275862069,246.85649062887367,13.680854809498657
28.66862068965517,77.25172413793103,259.3504656005616,5.382000856023624
28.66862068965517,77.25862068965517,253.0356429225532,3.380345483148357
28.66862068965517,77.26551724137931,299.20238513348784,9.697225788637937
28.66862068965517,77.27241379310345,300.2061401681969,9.186389999686323
28.66862068965517,77.27931034482758,271.24769692446216,10.601459302126267
28.66862068965517,77.28620689655172,333.4363587365309,13.126631698340496
28.66862068965517,77.29310344827586,307.4334995369313,8.582919524060282
28.66862068965517,77.3,320.3544401702817,2.604417413820671
28.67551724137931,77.10000000000001,258.5290650137728,5.02080998080389
28.67551724137931,77.10689655172415,265.27789456575346,2.2415987795071635
28.67551724137931,77.11379310344829,298.48002399533755,14.297957440659443
28.67551724137931,77.12068965517243,298.5983155994937,11.301785509881949
28.67551724137931,77.12758620689655,286.15826861563687,7.693931417711397
28.67551724137931,77.13448275862069,248.3097048646674,3.885130743163927
28.67551724137931,77.14137931034483,255.2551700739801,1.0745157788162083
28.67551724137931,77.14827586206897,286.5466287551065,11.684182143775349
28.67551724137931,77.15517241379311,296.46106150654526,9.884580127655784
28.67551724137931,77.16206896551725,298.12470791265577,5.966827413256957
28.67551724137931,77.16896551724139,240.26792243254675,13.89312606815201
28.67551724137931,77.17586206896551,249.8153746204197,13.225460792764128
28.67551724137931,77.18275862068965,259.6534481849986,9.595750400292436
28.67551724137931,77.1896551724138,298.2174574651947,7.217924489570699
28.67551724137931,77.19655172413793,250.92565413763543,0.9931961556781926
28.67551724137931,77.20344827586207,299.6473305208018,7.611575841622816
28.67551724137931,77.21034482758621,258.3382633581779,11.158108147178488
28.67551724137931,77.21724137931035,281.86579128720484,13.875298905878523
28.67551724137931,77.22413793103449,304.4577622115177,6.152386403783652
28.67551724137931,77.23103448275862,309.9035641001788,5.8581495715415866
28.67551724137931,77.23793103448276,274.95343068017246,8.567892414526163
28.67551724137931,77.2448275862069,284.42908069187274,12.39375120054546
28.67551724137931,77.25172413793103,296.31685455494915,2.8676439256772133
28.67551724137931,77.25862068965517,308.6710244933862,10.72953250984887
28.67551724137931,77.26551724137931,325.6590719495497,1.1554335367457391
28.67551724137931,77.27241379310345,326.7446794668699,1.8961187770426773
28.67551724137931,77.27931034482758,280.887367175113,13.703468269443295
28.67551724137931,77.28620689655172,283.9596085548432,10.215075903967874
28.67551724137931,77.29310344827586,312.46970296744746,4.571271735835842
28.67551724137931,77.3,323.80518541214366,9.19873085084756
28.68241379310345,77.10000000000001,336.44272071783143,3.2498825483078813
28.68241379310345,77.10689655172415,320.3672618339727,2.2736272430506936
28.68241379310345,77.11379310344829,319.40717653800243,14.529944198717166
28.68241379310345,77.12068965517243,341.0234503310993,10.79902819745157
28.68241379310345,77.12758620689655,257.7508911865688,11.471866890460817
28.68241379310345,77.13448275862069,330.54855841469464,10.042220244039967
28.68241379310345,77.14137931034483,337.1911818091581,8.384619213427127
28.68241379310345,77.14827586206897,272.44077570641906,10.394889172214524
28.68241379310345,77.15517241379311,243.59086991327945,8.700228321303829
28.68241379310345,77.16206896551725,310.0122278827131,13.323818731325586
28.68241379310345,77.16896551724139,242.6713935207066,3.631457129186409
28.68241379310345,77.17586206896551,275.43569211874706,11.862565619123217
28.68241379310345,77.18275862068965,262.0164902486595,0.0462394448332675
28.68241379310345,77.1896551724138,292.45651069633607,10.40583461577502
28.68241379310345,77.19655172413793,321.70103461548103,1.5461189126146495
28.68241379310345,77.20344827586207,285.56534921007074,5.151949421411733
28.68241379310345,77.21034482758621,276.9607571066272,2.936750930253212
28.68241379310345,77.21724137931035,256.89803005760734,3.336650230210884
28.68241379310345,77.22413793103449,280.4587998335603,10.285731771970184
28.68241379310345,77.23103448275862,305.20823041670144,12.573609840693171
28.68241379310345,77.23793103448276,293.69007249229514,7.56207680774411
28.68241379310345,77.2448275862069,322.2956877007964,10.913159926463797
28.68241379310345,77.25172413793103,273.193529993729,13.470924721886252
28.68241379310345,77.25862068965517,323.6737645759972,0.5732106908108348
28.68241379310345,77.26551724137931,241.63777939849444,4.111928961101004
28.68241379310345,77.27241379310345,253.2915781155548,2.8889846434914537
28.68241379310345,77.27931034482758,276.01845032332494,2.151813561649961
28.68241379310345,77.28620689655172,307.44949686305824,0.2124299236030979
28.68241379310345,77.29310344827586,264.3677342219817,11.57511071337712
28.68241379310345,77.3,333.7765925971921,7.088692016403708
28.689310344827582,77.10000000000001,313.95374947057496,7.106281992325562
28.689310344827582,77.10689655172415,308.75529704001394,2.5708057819376755
28.689310344827582,77.11379310344829,276.59708998584654,0.0175587456936426
28.689310344827582,77.12068965517243,264.7685264506132,3.200490525888404
28.689310344827582,77.12758620689655,324.5487831854797,4.378936252127525
28.689310344827582,77.13448275862069,249.67504114205735,10.143858011883134
28.689310344827582,77.14137931034483,331.254110040122,5.916452291479016
28.689310344827582,77.14827586206897,261.52450291092924,3.992533813410384
28.689310344827582,77.15517241379311,265.6158540831807,3.660473298523104
28.689310344827582,77.16206896551725,306.7231197812445,8.058086506788289
28.689310344827582,77.16896551724139,278.33149737552816,0.4644223118491231
28.689310344827582,77.17586206896551,232.0065536854792,4.161972423031219
28.689310344827582,77.18275862068965,287.2692846156122,5.836489169587557
28.689310344827582,77.1896551724138,268.58778504693663,10.939983442795008
28.689310344827582,77.19655172413793,229.2520249033749,14.369022736689583
28.689310344827582,77.20344827586207,245.9376243228842,2.806204160133505
28.689310344827582,77.21034482758621,233.7097174825456,9.031455636457652
28.689310344827582,77.21724137931035,236.28264962160205,14.696791635177274
28.689310344827582,77.22413793103449,270.7816601232799,12.993036307860862
28.689310344827582,77.23103448275862,281.5783019730281,3.927912831726132
28.689310344827582,77.23793103448276,277.37213030717567,4.099790521668302
28.689310344827582,77.2448275862069,320.9136316130456,7.21006582991656
28.689310344827582,77.25172413793103,281.39776909982606,1.8835962334966452
28.689310344827582,77.25862068965517,327.3983450177154,8.554258701731039
28.689310344827582,77.26551724137931,259.33091183521617,4.0622194153442726
28.689310344827582,77.27241379310345,326.4240724100237,1.156976858705237
28.689310344827582,77.27931034482758,266.77297788726617,8.266472987889891
28.689310344827582,77.28620689655172,335.4824929253432,11.7978779616086
28.689310344827582,77.29310344827586,300.63898859188544,2.231367352814498
28.689310344827582,77.3,311.830352508628,2.159039309509954
28.696206896551725,77.10000000000001,286.19317427218573,13.7458709803967
28.696206896551725,77.10689655172415,317.48902868950785,4.463169986827555
28.696206896551725,77.11379310344829,261.9593583405416,2.014089673208613
28.696206896551725,77.12068965517243,310.2506543007562,14.729244461158045
28.696206896551725,77.12758620689655,249.99241756752056,6.82976861680462
28.696206896551725,77.13448275862069,311.4489740870966,9.441479942666328
28.696206896551725,77.14137931034483,242.3890787170141,3.8894014105209433
28.696206896551725,77.14827586206897,304.11275265751505,10.362023327729627
28.696206896551725,77.15517241379311,263.5353075833582,14.523683066598586
28.696206896551725,77.16206896551725,247.96427197028672,11.401444874143332
28.696206896551725,77.16896551724139,319.63221308459543,9.160501392674162
28.696206896551725,77.17586206896551,304.2733265646281,5.900260068321023
28.696206896551725,77.18275862068965,256.5130534326248,14.763512137722952
28.696206896551725,77.1896551724138,318.844711371418,3.3948052404712614
28.696206896551725,77.19655172413793,268.9597185948121,11.084301423056491
28.696206896551725,77.20344827586207,260.2061476104102,5.743301188371525
28.696206896551725,77.21034482758621,233.2273379408541,9.861679513169292
28.696206896551725,77.21724137931035,236.7769876323785,1.0726276326413642
28.696206896551725,77.22413793103449,251.18782373663453,12.03488153991125
28.696206896551725,77.23103448275862,274.60813426389973,14.479894297143412
28.696206896551725,77.23793103448276,241.7157198515808,14.096549457855923
28.696206896551725,77.2448275862069,259.9524164765367,14.55992463605886
28.696206896551725,77.25172413793103,290.6111991641777,1.5605658536272329
28.696206896551725,77.25862068965517,325.1152215701378,9.753675034207715
28.696206896551725,77.26551724137931,259.277705195395,10.3251827242156
28.696206896551725,77.27241379310345,287.8462127778083,0.6700766621729509
28.696206896551725,77.27931034482758,338.5454492237658,6.233048827161101
28.696206896551725,77.28620689655172,249.90371508742103,7.282074661778266
28.696206896551725,77.29310344827586,336.29041230192905,14.448992455882006
28.696206896551725,77.3,292.3466780434367,13.452400318175162
28.70310344827586,77.10000000000001,330.20107238754446,10.957116807454875
28.70310344827586,77.10689655172415,347.4035476723257,0.5854915787510939
28.70310344827586,77.11379310344829,275.0165346857059,10.894634279858296
28.70310344827586,77.12068965517243,255.7738667653432,13.485634599759011
28.70310344827586,77.12758620689655,317.9374190409916,5.295835230642837
28.70310344827586,77.13448275862069,337.27532013781024,2.8606081786403985
28.70310344827586,77.14137931034483,246.12051903825824,2.752544664489865
28.70310344827586,77.14827586206897,314.40103809941667,2.457795931168548
28.70310344827586,77.15517241379311,303.3285448185948,0.9798450380286589
28.70310344827586,77.16206896551725,260.44123706783904,6.44944417913179
28.70310344827586,77.16896551724139,254.9783875325986,1.803601054395633
28.70310344827586,77.17586206896551,293.8207797337891,7.429293648033679
28.70310344827586,77.18275862068965,282.7154710813013,11.629016989241387
28.70310344827586,77.1896551724138,322.4046939141125,11.361988488479728
28.70310344827586,77.19655172413793,291.48202239443907,1.437570512944848
28.70310344827586,77.20344827586207,320.698715016487,9.309373121596094
28.70310344827586,77.21034482758621,296.04925534323064,2.864975115895279
28.70310344827586,77.21724137931035,291.51199592434114,1.9881402866404967
28.70310344827586,77.22413793103449,288.042104207237,9.98956547987358
28.70310344827586,77.23103448275862,283.6052623102283,5.664640608142141
28.70310344827586,77.23793103448276,285.20028071288147,6.99005473630261
28.70310344827586,77.2448275862069,299.87054529437904,12.73008903554794
28.70310344827586,77.25172413793103,245.41806135851587,6.9539807893438175
28.70310344827586,77.25862068965517,336.81995055059895,5.671110175585811
28.70310344827586,77.26551724137931,260.6134810401579,4.437414265847815
28.70310344827586,77.27241379310345,271.44864794711924,9.977183250822025
28.70310344827586,77.27931034482758,342.77848276824403,8.906931942800105
28.70310344827586,77.28620689655172,329.2272308554652,7.105337768177138
28.70310344827586,77.29310344827586,348.98128350703115,13.5024871034757
28.70310344827586,77.3,343.03043982798664,3.234562549100123
28.71,77.10000000000001,286.5213411122338,2.768030030032151
28.71,77.10689655172415,273.9965877908901,5.881572329936834
28.71,77.11379310344829,316.5848388866316,9.853793503224034
28.71,77.12068965517243,264.943306667746,9.658388654801048
28.71,77.12758620689655,340.2160885290532,13.345254956893752
28.71,77.13448275862069,311.82254996343534,7.575703015732619
28.71,77.14137931034483,317.3647248503022,8.516028086866024
28.71,77.14827586206897,308.27232715177064,6.150137814493459
28.71,77.15517241379311,250.5542193930593,10.86627064439454
28.71,77.16206896551725,272.0407650629186,14.226765473924754
28.71,77.16896551724139,259.8745134411229,2.7334494425032045
28.71,77.17586206896551,334.31310792205284,4.762526857197869
28.71,77.18275862068965,284.410321183204,5.59792162424551
28.71,77.1896551724138,269.422097181392,9.717766478813523
28.71,77.19655172413793,316.8641007678599,5.769503419102572
28.71,77.20344827586207,283.1708651932562,14.770345212970444
28.71,77.21034482758621,315.4828540757883,5.199278535584817
28.71,77.21724137931035,273.8015889421512,8.130983610074201
28.71,77.22413793103449,280.93911220581265,13.317096758471756
28.71,77.23103448275862,269.8152345265681,3.39148924537628
28.71,77.23793103448276,256.40303068990465,12.310729134532282
28.71,77.2448275862069,261.1876642916674,10.911407934285192
28.71,77.25172413793103,328.1020856527662,9.911215470325356
28.71,77.25862068965517,302.8819090358209,9.72669388037358
28.71,77.26551724137931,327.40456778103555,10.56255632556736
28.71,77.27241379310345,309.9740505365074,6.250680493453939
28.71,77.27931034482758,293.14447161584656,3.041301154410812
28.71,77.28620689655172,261.84508311769304,4.71414936649647
28.71,77.29310344827586,274.9243673784787,8.645952529999589
28.71,77.3,346.72959482818226,4.430967137862087
